Series Name,Series Code,Country Name,Country Code,2000 [YR2000],2001 [YR2001],2002 [YR2002],2003 [YR2003],2004 [YR2004],2005 [YR2005],2006 [YR2006],2007 [YR2007],2008 [YR2008],2009 [YR2009],2010 [YR2010],2011 [YR2011],2012 [YR2012],2013 [YR2013],2014 [YR2014],2015 [YR2015],2016 [YR2016],2017 [YR2017],2018 [YR2018],2019 [YR2019],2020 [YR2020],2021 [YR2021],2022 [YR2022],2023 [YR2023]
"Labor force participation rate, total (% of total population ages 15+) (modeled ILO estimate)",SL.TLF.CACT.ZS,Afghanistan,AFG,46.718,46.754,46.812,46.881,46.956,47.039,46.983,46.935,46.896,46.867,46.843,46.891,46.96,47.03,47.1,47.17,47.24,47.31,45.565,43.821,41.58,41.243,37.64,36.95
"Labor force participation rate, total (% of total population ages 15+) (modeled ILO estimate)",SL.TLF.CACT.ZS,Albania,ALB,60.423,59.884,59.61,58.557,57.495,56.427,55.353,54.273,53.19,54.99,55.2,59.94,56.99,52.42,53.42,55.5,57.31,58.06,59.3,60.31,57.362,58.73,60.319,60.176
"Labor force participation rate, total (% of total population ages 15+) (modeled ILO estimate)",SL.TLF.CACT.ZS,Algeria,DZA,43.841,43.572,43.303,43.035,42.767,42.499,42.233,41.966,41.7,41.43,41.71,41.855,42,43.2,40.74,41.708,41.871,41.824,41.78,41.769,39.427,39.863,41.817,42.324
"Labor force participation rate, total (% of total population ages 15+) (modeled ILO estimate)",SL.TLF.CACT.ZS,American Samoa,ASM,..,..,..,..,..,..,..,..,..,..,..,..,..,..,..,..,..,..,..,..,..,..,..,..
"Labor force participation rate, total (% of total population ages 15+) (modeled ILO estimate)",SL.TLF.CACT.ZS,Andorra,AND,..,..,..,..,..,..,..,..,..,..,..,..,..,..,..,..,..,..,..,..,..,..,..,..
"Labor force participation rate, total (% of total population ages 15+) (modeled ILO estimate)",SL.TLF.CACT.ZS,Angola,AGO,77.304,77.299,77.284,77.261,77.237,77.216,77.234,77.246,77.255,77.26,77.26,77.315,77.037,76.756,76.472,76.187,75.899,75.608,75.315,75.02,75.088,76.37,75.357,75.186
"Labor force participation rate, total (% of total population ages 15+) (modeled ILO estimate)",SL.TLF.CACT.ZS,Antigua and Barbuda,ATG,..,..,..,..,..,..,..,..,..,..,..,..,..,..,..,..,..,..,..,..,..,..,..,..
"Labor force participation rate, total (% of total population ages 15+) (modeled ILO estimate)",SL.TLF.CACT.ZS,Argentina,ARG,62.306,61.672,60.236,61.079,61.94,61.51,61.8,61.117,60.43,60.78,60.19,60.65,60.36,59.96,59.44,59.23,59.02,58.81,59.6,60.29,56.02,60.36,60.465,60.77
"Labor force participation rate, total (% of total population ages 15+) (modeled ILO estimate)",SL.TLF.CACT.ZS,Armenia,ARM,62.121,61.786,61.383,60.976,60.636,60.366,60.194,60.173,60.125,60.965,61.218,61.325,61.329,61.44,61.543,61.658,61.778,61.786,61.749,62.891,62.122,62.724,61.86,61.295
"Labor force participation rate, total (% of total population ages 15+) (modeled ILO estimate)",SL.TLF.CACT.ZS,Aruba,ABW,..,..,..,..,..,..,..,..,..,..,..,..,..,..,..,..,..,..,..,..,..,..,..,..
"Labor force participation rate, total (% of total population ages 15+) (modeled ILO estimate)",SL.TLF.CACT.ZS,Australia,AUS,63.15,63.31,63.38,63.6,63.47,64.41,64.78,65.2,65.49,65.45,65.41,65.44,65.17,64.96,64.72,65.01,64.88,65.18,65.64,65.95,65.03,65.85,66.147,66.371
"Labor force participation rate, total (% of total population ages 15+) (modeled ILO estimate)",SL.TLF.CACT.ZS,Austria,AUT,58.71,58.24,58.96,59.15,58.04,58.46,58.97,59.83,60.08,60.35,60.29,60.36,60.65,60.8,60.6,60.63,61.13,61.1,61.32,61.31,60.81,61.15,61.51,61.703
"Labor force participation rate, total (% of total population ages 15+) (modeled ILO estimate)",SL.TLF.CACT.ZS,Azerbaijan,AZE,76.854,74.639,72.51,70.576,67.984,66.551,64.83,61.874,60.882,61.023,60.865,61.153,61.593,61.888,62.705,63.433,64.632,65.183,65.675,68.519,67.538,68.244,70.007,70.218
"Labor force participation rate, total (% of total population ages 15+) (modeled ILO estimate)",SL.TLF.CACT.ZS,"Bahamas, The",BHS,75.098,75.139,75.174,75.032,74.935,74.942,74.94,74.858,74.62,74.322,74.238,74.134,74.108,73.857,73.759,73.624,73.557,73.552,73.531,73.422,68.233,70.337,71.861,72.027
"Labor force participation rate, total (% of total population ages 15+) (modeled ILO estimate)",SL.TLF.CACT.ZS,Bahrain,BHR,65.915,66.39,66.938,67.36,67.579,67.863,68.393,69.152,70.077,71.082,71.755,71.144,71.466,71.517,71.012,70.856,71.284,71.817,72.263,72.376,71.354,71.555,71.843,71.865
"Labor force participation rate, total (% of total population ages 15+) (modeled ILO estimate)",SL.TLF.CACT.ZS,Bangladesh,BGD,58.22,58.18,58.158,58.147,58.141,58.135,58.07,57.873,57.676,57.478,57.281,57.083,56.885,56.686,56.488,56.289,56.09,58.33,58.473,58.587,58.031,58.796,58.283,58.162
"Labor force participation rate, total (% of total population ages 15+) (modeled ILO estimate)",SL.TLF.CACT.ZS,Barbados,BRB,68.696,69.55,68.49,69.25,69.68,69.56,67.87,67.8,67.62,67.61,67.6,67.59,66.19,66.71,63.9,63.96,65.44,64.37,63.57,62.3,60.862,61.212,62.108,62.033
"Labor force participation rate, total (% of total population ages 15+) (modeled ILO estimate)",SL.TLF.CACT.ZS,Belarus,BLR,59.026,59.489,59.852,60.147,60.407,60.725,61.102,61.55,62.052,62.574,63.064,63.539,63.94,64.244,64.483,64.688,64.854,64.974,64.926,64.826,64.671,64.825,65.02,64.773
"Labor force participation rate, total (% of total population ages 15+) (modeled ILO estimate)",SL.TLF.CACT.ZS,Belgium,BEL,52.29,50.89,51.19,51.35,52.03,53.3,53.11,53.59,53.68,53.47,54.07,53.2,53.25,53.56,53.51,53.31,53.11,53.84,54.19,54.39,53.82,54.49,55.1,54.92
"Labor force participation rate, total (% of total population ages 15+) (modeled ILO estimate)",SL.TLF.CACT.ZS,Belize,BLZ,59.541,59.782,60.022,60.262,60.501,60.74,60.978,61.215,61.453,61.689,61.925,62.161,62.396,62.63,63.49,63.871,64.25,64.03,63.786,63.495,61.37,61.82,63.195,63.602
"Labor force participation rate, total (% of total population ages 15+) (modeled ILO estimate)",SL.TLF.CACT.ZS,Benin,BEN,71.832,71.791,71.75,71.764,71.779,71.793,71.808,71.822,71.837,71.851,71.866,71.88,70.659,69.408,68.127,66.818,65.483,64.123,62.74,62.671,62.076,61.106,62.399,62.709
"Labor force participation rate, total (% of total population ages 15+) (modeled ILO estimate)",SL.TLF.CACT.ZS,Bermuda,BMU,..,..,..,..,..,..,..,..,..,..,..,..,..,..,..,..,..,..,..,..,..,..,..,..
"Labor force participation rate, total (% of total population ages 15+) (modeled ILO estimate)",SL.TLF.CACT.ZS,Bhutan,BTN,69.706,69.715,69.749,69.806,69.868,69.931,69.869,69.809,69.75,69.7,68.15,67.41,64.4,65.3,62.61,63.14,62.96,62.78,62.6,66.36,67.83,69.09,69.909,69.521
"Labor force participation rate, total (% of total population ages 15+) (modeled ILO estimate)",SL.TLF.CACT.ZS,Bolivia,BOL,70.045,70.032,70.019,70.006,69.993,69.98,72.72,71.02,71.81,72.12,72.05,71.98,68.62,69.3,71.37,67.08,67.36,68.63,71.8,70.683,69.68,68.08,69.92,70.999
"Labor force participation rate, total (% of total population ages 15+) (modeled ILO estimate)",SL.TLF.CACT.ZS,Bosnia and Herzegovina,BIH,42.563,42.508,42.757,42.959,43.096,43.236,43.407,44.029,44.96,44.915,45.7,45.329,45.687,45.31,46.259,46.312,46.171,46.195,46.011,47.035,46.8,49.869,50.19,49.992
"Labor force participation rate, total (% of total population ages 15+) (modeled ILO estimate)",SL.TLF.CACT.ZS,Botswana,BWA,57.44,57.676,57.911,58.147,58.381,58.616,58.85,59.974,61.088,62.19,59.13,59.67,60.209,60.744,61.277,61.808,62.335,62.86,63.381,63.9,62.242,64.18,64.6,64.537
"Labor force participation rate, total (% of total population ages 15+) (modeled ILO estimate)",SL.TLF.CACT.ZS,Brazil,BRA,64.299,64.623,65.493,65.353,65.883,66.563,66.233,65.843,65.623,65.803,64.548,63.273,63.79,63.72,63.51,63.81,63.88,64.18,64.23,64.67,60.29,62.27,63.35,62.782
"Labor force participation rate, total (% of total population ages 15+) (modeled ILO estimate)",SL.TLF.CACT.ZS,British Virgin Islands,VGB,..,..,..,..,..,..,..,..,..,..,..,..,..,..,..,..,..,..,..,..,..,..,..,..
"Labor force participation rate, total (% of total population ages 15+) (modeled ILO estimate)",SL.TLF.CACT.ZS,Brunei Darussalam,BRN,67.721,67.95,67.797,67.643,67.489,67.335,67.18,67.024,66.869,66.713,66.557,66.4,65.801,65.196,64.586,63.972,63.353,62.73,65.39,64.18,63.623,63.75,64.375,64.338
"Labor force participation rate, total (% of total population ages 15+) (modeled ILO estimate)",SL.TLF.CACT.ZS,Bulgaria,BGR,50.18,51.37,50.82,49.92,50.55,49.69,51.29,52.6,53.81,53.02,53.39,52.51,53.08,53.9,54.14,54.07,53.33,55.35,55.32,56.58,55.55,55.26,56.6,56.087
"Labor force participation rate, total (% of total population ages 15+) (modeled ILO estimate)",SL.TLF.CACT.ZS,Burkina Faso,BFA,77.716,76.929,76.123,75.298,74.454,73.591,72.71,71.875,71.024,70.159,69.279,68.384,67.476,66.554,65.62,65.573,65.528,65.478,65.421,65.356,64.735,65.141,65.264,65.09
"Labor force participation rate, total (% of total population ages 15+) (modeled ILO estimate)",SL.TLF.CACT.ZS,Burundi,BDI,82.673,81.861,81.031,80.18,79.318,78.397,77.414,77.642,77.847,78.133,78.403,78.555,78.7,78.845,78.952,79.313,79.536,79.641,79.66,79.499,78.587,78.8,78.842,78.81
"Labor force participation rate, total (% of total population ages 15+) (modeled ILO estimate)",SL.TLF.CACT.ZS,Cabo Verde,CPV,60.008,59.92,59.831,59.742,59.654,59.565,59.476,59.387,59.298,59.209,59.12,59.129,59.137,59.146,59.154,59.163,59.171,59.18,55.56,57.43,54.742,55.364,57.516,57.877
"Labor force participation rate, total (% of total population ages 15+) (modeled ILO estimate)",SL.TLF.CACT.ZS,Cambodia,KHM,77.059,76.365,75.657,74.934,74.198,73.447,72.683,71.905,71.113,70.309,69.492,68.662,67.82,69.083,70.318,71.524,72.7,73.845,74.958,76.04,75.317,76.077,76.024,75.789
"Labor force participation rate, total (% of total population ages 15+) (modeled ILO estimate)",SL.TLF.CACT.ZS,Cameroon,CMR,82.037,81.988,81.937,81.884,81.831,81.776,81.758,81.73,80.015,78.181,76.23,75.238,74.219,73.173,72.1,72.059,72.02,71.97,71.909,71.84,71.157,70.882,71.862,71.953
"Labor force participation rate, total (% of total population ages 15+) (modeled ILO estimate)",SL.TLF.CACT.ZS,Canada,CAN,65.76,65.91,66.86,67.56,67.49,67.14,67.02,67.44,67.56,67.09,66.91,66.71,66.5,66.46,65.99,65.84,65.71,65.76,65.41,65.71,64.02,65.07,65,65.183
"Labor force participation rate, total (% of total population ages 15+) (modeled ILO estimate)",SL.TLF.CACT.ZS,Cayman Islands,CYM,..,..,..,..,..,..,..,..,..,..,..,..,..,..,..,..,..,..,..,..,..,..,..,..
"Labor force participation rate, total (% of total population ages 15+) (modeled ILO estimate)",SL.TLF.CACT.ZS,Central African Republic,CAF,70.279,70.324,70.347,70.354,70.354,70.349,70.412,70.466,70.507,70.528,70.522,70.636,70.728,70.797,70.845,70.877,70.8,70.705,70.596,70.48,69.81,69.872,70.453,70.578
"Labor force participation rate, total (% of total population ages 15+) (modeled ILO estimate)",SL.TLF.CACT.ZS,Chad,TCD,69.082,68.605,68.125,67.641,67.153,66.661,66.166,65.667,65.165,64.659,64.15,63.637,63.122,62.604,62.082,61.558,61.031,60.502,59.97,59.876,59.307,59.193,60.22,60.337
"Labor force participation rate, total (% of total population ages 15+) (modeled ILO estimate)",SL.TLF.CACT.ZS,Channel Islands,CHI,59.287,59.882,60.433,60.728,60.613,60.437,60.022,59.652,59.943,60.229,59.995,59.458,59.405,59.331,59.267,59.308,59.247,59.085,58.924,58.795,57.949,58.01,57.969,57.88
"Labor force participation rate, total (% of total population ages 15+) (modeled ILO estimate)",SL.TLF.CACT.ZS,Chile,CHL,55.91,55.01,54.51,55.03,55.4,55.74,56.88,57.35,58.55,58.35,58.69,60.02,59.75,59.78,60.01,59.9,59.66,59.94,59.88,59.62,56.36,57.55,60.14,61.313
"Labor force participation rate, total (% of total population ages 15+) (modeled ILO estimate)",SL.TLF.CACT.ZS,China,CHN,76.82,76.273,75.717,75.152,74.579,73.997,73.406,72.807,72.2,71.584,70.96,70.86,70.41,69.97,69.65,69.3,68.88,68.35,67.81,67.38,66.02,67.11,66.9,66.382
"Labor force participation rate, total (% of total population ages 15+) (modeled ILO estimate)",SL.TLF.CACT.ZS,Colombia,COL,67.63,67.64,66.6,67.44,66.69,65.34,64.618,63.89,64.16,66.95,67.08,67.51,68.07,67.27,66.99,67.02,66.42,66.01,65.24,64.32,63.42,64.33,63.16,63.292
"Labor force participation rate, total (% of total population ages 15+) (modeled ILO estimate)",SL.TLF.CACT.ZS,Comoros,COM,41.865,41.754,41.633,41.505,41.38,41.686,41.993,42.301,42.609,42.918,43.227,43.537,43.848,44.159,44.47,44.392,44.328,44.25,44.16,44.063,43.644,43.895,44.12,44.207
"Labor force participation rate, total (% of total population ages 15+) (modeled ILO estimate)",SL.TLF.CACT.ZS,"Congo, Dem. Rep.",COD,72.499,72.529,72.55,72.565,72.575,72.58,71.693,70.79,69.869,68.933,67.98,67.012,66.03,66.043,66.043,66.03,66.03,66.011,65.975,65.926,65.299,65.708,65.766,65.776
"Labor force participation rate, total (% of total population ages 15+) (modeled ILO estimate)",SL.TLF.CACT.ZS,"Congo, Rep.",COG,68.024,68.001,67.974,67.947,67.928,67.92,67.9,67.888,67.881,67.87,67.849,67.92,67.969,68.001,68.018,68.02,67.994,67.951,67.892,67.817,66.976,67.439,67.741,67.857
"Labor force participation rate, total (% of total population ages 15+) (modeled ILO estimate)",SL.TLF.CACT.ZS,Costa Rica,CRI,58.87,60.23,59.76,60.04,58.87,61.31,60.65,61.43,60.91,60.48,59.21,60.62,64.33,63.66,64.19,62.81,59.69,59.85,62.21,64.26,60.62,61.76,61.49,57.586
"Labor force participation rate, total (% of total population ages 15+) (modeled ILO estimate)",SL.TLF.CACT.ZS,Cote d'Ivoire,CIV,65.123,65.1,65.077,65.054,65.03,65.007,64.984,64.96,64.937,64.914,64.89,64.867,64.844,64.82,64.797,64.774,64.75,64.727,64.703,64.68,64.065,64.175,64.375,64.437
"Labor force participation rate, total (% of total population ages 15+) (modeled ILO estimate)",SL.TLF.CACT.ZS,Croatia,HRV,52.243,51.707,51.17,50.29,51.15,49.62,49.19,52.93,53.12,53.12,52.58,51.84,51.37,50.84,52.36,52.73,51.32,51.61,51.19,51.1,51.03,51.78,52.3,52.631
"Labor force participation rate, total (% of total population ages 15+) (modeled ILO estimate)",SL.TLF.CACT.ZS,Cuba,CUB,52.366,52.486,52.533,52.681,52.913,53.363,53.85,54.153,54.33,55.6,55,55.58,55.701,55.808,55.844,56.025,56.043,56.119,56.215,56.208,52.758,53.873,55.941,56.258
"Labor force participation rate, total (% of total population ages 15+) (modeled ILO estimate)",SL.TLF.CACT.ZS,Curacao,CUW,..,..,..,..,..,..,..,..,..,..,..,..,..,..,..,..,..,..,..,..,..,..,..,..
"Labor force participation rate, total (% of total population ages 15+) (modeled ILO estimate)",SL.TLF.CACT.ZS,Cyprus,CYP,60.15,61.73,61.89,63.18,63,63.32,63.57,64.4,64.27,63.88,64.34,63.8,63.65,63.49,63.89,62.38,61.3,61.71,62.49,63.02,62.81,63.83,65.1,65.335
"Labor force participation rate, total (% of total population ages 15+) (modeled ILO estimate)",SL.TLF.CACT.ZS,Czechia,CZE,60.4,59.99,59.76,59.42,59.18,59.36,59.26,58.77,58.5,58.68,58.44,58.26,58.64,59.28,59.31,59.42,59.92,60.22,60.56,60.38,59.79,59.83,59.9,60.09
"Labor force participation rate, total (% of total population ages 15+) (modeled ILO estimate)",SL.TLF.CACT.ZS,Denmark,DNK,65.54,65.15,65.64,65.48,65.93,65.65,65.93,65.71,65.08,64.39,63.5,63.05,62.31,61.42,61.26,61.32,61.65,61.72,61.82,62.37,62.02,62.54,63.4,63.608
"Labor force participation rate, total (% of total population ages 15+) (modeled ILO estimate)",SL.TLF.CACT.ZS,Djibouti,DJI,35.991,35.853,35.654,35.412,35.165,34.922,34.538,34.161,33.792,33.442,33.126,32.957,32.82,32.705,32.589,32.46,32.386,32.27,32.136,32.015,31.402,31.42,32.039,32.145
"Labor force participation rate, total (% of total population ages 15+) (modeled ILO estimate)",SL.TLF.CACT.ZS,Dominica,DMA,..,..,..,..,..,..,..,..,..,..,..,..,..,..,..,..,..,..,..,..,..,..,..,..
"Labor force participation rate, total (% of total population ages 15+) (modeled ILO estimate)",SL.TLF.CACT.ZS,Dominican Republic,DOM,58.51,57.28,57.57,56.63,56.85,56.62,57.3,57.21,57.59,55.47,56.71,58.16,59.43,59.27,59.53,62.01,62.45,62.37,63.77,64.89,60.36,63.17,63.222,63.932
"Labor force participation rate, total (% of total population ages 15+) (modeled ILO estimate)",SL.TLF.CACT.ZS,Ecuador,ECU,63.45,64.082,64.708,65.33,67.47,66.98,67.95,66.77,66.55,64.01,62.68,61.78,62.45,62.26,62.62,65.66,67.67,68.15,66.66,66.18,60.09,65.78,65.89,65.435
"Labor force participation rate, total (% of total population ages 15+) (modeled ILO estimate)",SL.TLF.CACT.ZS,"Egypt, Arab Rep.",EGY,46.222,44.93,43.19,44.129,45.073,46.02,46.97,47.93,47.55,47.9,49.37,48.79,48.49,48.44,48.12,46.98,46.63,44.95,43.3,42.2,41.62,42.99,43.767,44.019
"Labor force participation rate, total (% of total population ages 15+) (modeled ILO estimate)",SL.TLF.CACT.ZS,El Salvador,SLV,61.294,60.75,60.201,61.667,60.195,60.604,60.975,61.452,60.953,60.422,59.87,59.546,60.165,60.489,59.367,58.658,59.217,58.933,58.633,59.771,56.605,59.071,59.989,60.153
"Labor force participation rate, total (% of total population ages 15+) (modeled ILO estimate)",SL.TLF.CACT.ZS,Equatorial Guinea,GNQ,56.928,56.826,56.721,56.638,56.578,56.535,56.445,56.352,56.274,56.208,56.141,56.088,56.007,55.928,55.856,55.782,55.752,55.692,55.63,55.571,52.93,53.525,55.495,55.855
"Labor force participation rate, total (% of total population ages 15+) (modeled ILO estimate)",SL.TLF.CACT.ZS,Eritrea,ERI,80.197,79.501,78.847,78.262,77.706,77.16,77.199,77.24,77.39,77.514,77.643,77.91,78.129,78.375,78.442,78.653,78.463,78.387,78.239,78.059,77.118,77.252,78.098,78.284
"Labor force participation rate, total (% of total population ages 15+) (modeled ILO estimate)",SL.TLF.CACT.ZS,Estonia,EST,58.452,57.805,56.869,58.397,58.479,58.196,60.306,60.323,61.026,60.635,60.393,61.207,61.195,61.201,60.984,61.967,62.637,63.474,63.651,63.428,63.387,63.233,65.14,65.772
"Labor force participation rate, total (% of total population ages 15+) (modeled ILO estimate)",SL.TLF.CACT.ZS,Ethiopia,ETH,80.239,80.605,80.967,81.323,81.674,82.02,81.924,81.827,81.731,81.633,81.536,81.437,81.339,81.24,81.102,80.964,80.851,80.735,80.618,80.506,79.741,80.293,80.214,80.285
"Labor force participation rate, total (% of total population ages 15+) (modeled ILO estimate)",SL.TLF.CACT.ZS,Faroe Islands,FRO,..,..,..,..,..,..,..,..,..,..,..,..,..,..,..,..,..,..,..,..,..,..,..,..
"Labor force participation rate, total (% of total population ages 15+) (modeled ILO estimate)",SL.TLF.CACT.ZS,Fiji,FJI,58.826,58.67,58.514,58.357,58.2,56.73,57.806,58.876,59.936,60.988,62.029,63.06,61.688,60.298,58.89,58.236,57.58,57.472,57.403,57.429,55.547,55.364,57.619,58.161
"Labor force participation rate, total (% of total population ages 15+) (modeled ILO estimate)",SL.TLF.CACT.ZS,Finland,FIN,60.972,61.274,61.295,61.09,60.599,60.724,60.981,61.199,61.439,60.435,59.843,59.854,59.702,59.096,58.924,58.907,58.581,58.846,59.402,59.395,58.991,59.748,60.379,60.609
"Labor force participation rate, total (% of total population ages 15+) (modeled ILO estimate)",SL.TLF.CACT.ZS,France,FRA,55.7,55.5,55.71,56.41,56.25,55.95,55.88,55.98,56.07,56.33,56.25,56.03,56.26,56.43,56.1,56.06,55.93,55.64,55.62,55.27,54.53,55.85,56.177,56.275
"Labor force participation rate, total (% of total population ages 15+) (modeled ILO estimate)",SL.TLF.CACT.ZS,French Polynesia,PYF,58.589,58.29,57.99,57.626,57.26,56.894,56.528,56.16,56.2,56.24,56.28,56.32,56.36,56.361,56.36,56.349,56.335,56.321,56.306,56.294,55.759,55.913,56.365,56.149
"Labor force participation rate, total (% of total population ages 15+) (modeled ILO estimate)",SL.TLF.CACT.ZS,Gabon,GAB,50.089,49.97,49.843,49.711,49.582,49.46,49.276,49.109,48.963,48.84,48.74,48.62,48.512,48.429,48.369,48.326,48.422,48.51,48.587,48.645,45.755,46.285,48.618,49.004
"Labor force participation rate, total (% of total population ages 15+) (modeled ILO estimate)",SL.TLF.CACT.ZS,"Gambia, The",GMB,58.241,58.352,58.463,58.574,58.685,58.796,58.907,59.018,59.128,59.239,59.349,59.46,59.57,59.793,60.015,60.237,60.458,60.679,60.9,60.846,60.268,60.579,60.781,60.866
"Labor force participation rate, total (% of total population ages 15+) (modeled ILO estimate)",SL.TLF.CACT.ZS,Georgia,GEO,64.1,66.21,64.95,66.02,64.77,64.05,62.2,63.3,63.49,64.59,65.49,66.22,67.55,67.15,67.7,68.78,68.42,66.212,63.93,62.93,63.4,64.127,62.939,62.638
"Labor force participation rate, total (% of total population ages 15+) (modeled ILO estimate)",SL.TLF.CACT.ZS,Germany,DEU,57.46,57.48,57.27,57.32,56.87,58.42,58.96,59.15,59.24,59.39,59.37,60.09,60.07,60.35,60.41,60.17,61,61.21,61.28,61.92,60.65,60.55,61.3,61.631
"Labor force participation rate, total (% of total population ages 15+) (modeled ILO estimate)",SL.TLF.CACT.ZS,Ghana,GHA,74.61,74.272,73.932,73.589,73.243,72.893,72.542,72.187,71.829,71.469,71.106,70.74,70.371,70,69.626,69.25,69.202,69.144,69.08,69.014,68.358,68.27,68.919,68.819
"Labor force participation rate, total (% of total population ages 15+) (modeled ILO estimate)",SL.TLF.CACT.ZS,Gibraltar,GIB,..,..,..,..,..,..,..,..,..,..,..,..,..,..,..,..,..,..,..,..,..,..,..,..
"Labor force participation rate, total (% of total population ages 15+) (modeled ILO estimate)",SL.TLF.CACT.ZS,Greece,GRC,52.196,51.421,51.642,51.981,52.546,52.613,52.82,52.594,52.558,52.851,52.925,52.125,51.903,51.696,51.448,51.422,51.328,51.17,50.935,50.964,50.093,50.331,51.795,51.89
"Labor force participation rate, total (% of total population ages 15+) (modeled ILO estimate)",SL.TLF.CACT.ZS,Greenland,GRL,..,..,..,..,..,..,..,..,..,..,..,..,..,..,..,..,..,..,..,..,..,..,..,..
"Labor force participation rate, total (% of total population ages 15+) (modeled ILO estimate)",SL.TLF.CACT.ZS,Grenada,GRD,..,..,..,..,..,..,..,..,..,..,..,..,..,..,..,..,..,..,..,..,..,..,..,..
"Labor force participation rate, total (% of total population ages 15+) (modeled ILO estimate)",SL.TLF.CACT.ZS,Guam,GUM,67.8,65.6,62.4,62.051,61.7,61.1,62.7,57.8,59.765,61.7,61.4,62.6,62.598,62.597,62.597,62.597,62.597,62.597,62.598,62.597,61.699,62.568,62.73,62.503
"Labor force participation rate, total (% of total population ages 15+) (modeled ILO estimate)",SL.TLF.CACT.ZS,Guatemala,GTM,62.994,62.99,63.054,63.068,63.11,62.673,62.235,61.794,61.351,60.906,60.46,61.4,65.12,60.22,60.73,60.6,60.69,60.94,60.5,59.17,57.611,58.946,60.24,60.508
"Labor force participation rate, total (% of total population ages 15+) (modeled ILO estimate)",SL.TLF.CACT.ZS,Guinea,GIN,64.283,64.367,64.42,63.773,63.12,62.463,61.801,61.134,60.464,59.789,59.111,58.429,57.744,57.056,56.365,55.672,54.977,54.279,53.58,52.88,52.378,52.365,52.673,52.75
"Labor force participation rate, total (% of total population ages 15+) (modeled ILO estimate)",SL.TLF.CACT.ZS,Guinea-Bissau,GNB,57.158,57.07,56.976,56.876,56.769,56.66,56.595,56.523,56.45,56.381,56.319,56.297,56.266,56.231,56.191,56.146,56.116,56.074,56.02,55.951,55.42,55.832,55.939,55.952
"Labor force participation rate, total (% of total population ages 15+) (modeled ILO estimate)",SL.TLF.CACT.ZS,Guyana,GUY,57.388,57.079,56.77,56.605,56.441,56.276,56.111,55.945,55.78,55.614,55.449,55.283,55.117,54.951,54.785,54.619,54.453,54.286,54.12,50.08,49.604,49.393,49.948,50.666
"Labor force participation rate, total (% of total population ages 15+) (modeled ILO estimate)",SL.TLF.CACT.ZS,Haiti,HTI,62.77,62.983,63.196,63.408,63.619,63.83,64.191,64.551,64.909,65.265,65.62,65.801,65.763,65.827,65.905,65.914,65.929,65.968,65.983,65.864,65.238,65.591,65.441,65.495
"Labor force participation rate, total (% of total population ages 15+) (modeled ILO estimate)",SL.TLF.CACT.ZS,Honduras,HND,64.38,63.845,63.306,62.764,62.218,61.67,59.86,58.96,59.58,60.81,61.91,59.73,58.4,62.66,64.15,64.09,63.32,64.36,66.75,64.59,60.29,62.398,62.614,62.763
"Labor force participation rate, total (% of total population ages 15+) (modeled ILO estimate)",SL.TLF.CACT.ZS,"Hong Kong SAR, China",HKG,60.67,61.43,61.83,61.35,61.27,60.99,61.26,61.22,60.88,60.77,59.59,60.07,60.5,61.22,61.06,61.14,61.05,61.12,61.28,60.67,59.71,59.38,58.21,57.597
"Labor force participation rate, total (% of total population ages 15+) (modeled ILO estimate)",SL.TLF.CACT.ZS,Hungary,HUN,49.305,48.811,48.857,49.693,49.377,50.161,50.696,50.466,50.097,49.968,50.39,50.588,51.365,51.898,53.412,54.496,55.439,56.042,56.513,56.872,56.71,59.312,60.408,60.963
"Labor force participation rate, total (% of total population ages 15+) (modeled ILO estimate)",SL.TLF.CACT.ZS,Iceland,ISL,78.548,78.232,77.247,77.657,76.642,75.931,76.957,77.169,76.494,74.894,74.893,74.249,74.329,75.053,76.348,77.158,77.992,77.179,76.149,75.529,73.52,73.366,74.303,74.39
"Labor force participation rate, total (% of total population ages 15+) (modeled ILO estimate)",SL.TLF.CACT.ZS,India,IND,57.2,56.691,56.18,55.668,55.154,54.64,54.658,54.676,54.694,54.712,54.73,54.076,53.42,53.223,52.997,52.729,52.391,52.02,51.631,51.244,50.45,51.15,52.35,55.339
"Labor force participation rate, total (% of total population ages 15+) (modeled ILO estimate)",SL.TLF.CACT.ZS,Indonesia,IDN,67.76,67.13,65.98,65.67,65.67,64.4,64.21,66.23,66.37,66.05,66.58,66.91,67.42,66.76,66.62,66.58,66.31,66.69,67.65,68.24,67.4,65.87,67.02,67.6
"Labor force participation rate, total (% of total population ages 15+) (modeled ILO estimate)",SL.TLF.CACT.ZS,"Iran, Islamic Rep.",IRN,44.148,44.406,44.664,44.922,45.181,45.44,44.57,43.66,41.44,42.37,41.6,39.99,40.56,40.54,40.23,41.35,42.59,43.74,44.03,43.69,40.95,40.57,42.317,42.607
"Labor force participation rate, total (% of total population ages 15+) (modeled ILO estimate)",SL.TLF.CACT.ZS,Iraq,IRQ,42.095,42.04,41.985,41.93,41.875,41.82,41.765,41.71,41.566,41.422,41.278,41.134,40.99,41.957,42.93,43.04,43.15,41.89,41.836,41.492,39.372,39.66,40.99,41.418
"Labor force participation rate, total (% of total population ages 15+) (modeled ILO estimate)",SL.TLF.CACT.ZS,Ireland,IRL,62.53,62.44,62.58,62.79,63.07,65.11,65.86,66.62,65.94,64.09,62.6,61.96,61.64,61.96,61.75,61.82,62.18,61.98,62.16,62.34,61.12,63.3,64.84,65.048
"Labor force participation rate, total (% of total population ages 15+) (modeled ILO estimate)",SL.TLF.CACT.ZS,Isle of Man,IMN,..,..,..,..,..,..,..,..,..,..,..,..,..,..,..,..,..,..,..,..,..,..,..,..
"Labor force participation rate, total (% of total population ages 15+) (modeled ILO estimate)",SL.TLF.CACT.ZS,Israel,ISR,61.35,61.33,60.56,60.88,61.37,61.8,62.22,62.77,62.81,62.87,63.26,63.04,65.26,65.11,65.62,65.55,65.64,65.49,65.43,65,63.41,63.32,64.738,64.772
"Labor force participation rate, total (% of total population ages 15+) (modeled ILO estimate)",SL.TLF.CACT.ZS,Italy,ITA,48.13,48.29,48.76,49.24,49.68,49.11,49.08,48.75,49.1,48.48,48.2,48.14,49.08,48.79,49.06,48.97,49.5,49.81,49.92,49.89,48.51,48.57,49.1,49.752
"Labor force participation rate, total (% of total population ages 15+) (modeled ILO estimate)",SL.TLF.CACT.ZS,Jamaica,JAM,66.734,66.119,65.71,65.315,65.25,65.069,64.865,64.626,64.36,62.15,60.472,60.86,60.84,62.005,62.753,65.733,65.138,65.892,65.727,67.224,65.098,67.276,66.915,68.495
"Labor force participation rate, total (% of total population ages 15+) (modeled ILO estimate)",SL.TLF.CACT.ZS,Japan,JPN,62.44,61.99,61.23,60.77,60.42,60.42,60.42,60.39,60.16,59.86,59.58,59.25,59.01,59.25,59.44,59.5,59.99,60.44,61.45,62.01,61.95,62.12,62.5,62.91
"Labor force participation rate, total (% of total population ages 15+) (modeled ILO estimate)",SL.TLF.CACT.ZS,Jordan,JOR,39.4,38.8,38.4,37.4,37.849,38.3,37.7,39.8,39.5,40.1,39.5,39,38,37.1,36.4,37.66,38.937,40.23,39.18,39.24,39.95,38.67,39.264,39.441
"Labor force participation rate, total (% of total population ages 15+) (modeled ILO estimate)",SL.TLF.CACT.ZS,Kazakhstan,KAZ,70.731,70.352,70.11,70.02,69.86,69.45,69.68,70.39,71.12,71.022,70.924,70.825,70.726,70.627,70.528,70.429,70.33,70.23,70.13,70.08,69.2,69.524,68.7,68.466
"Labor force participation rate, total (% of total population ages 15+) (modeled ILO estimate)",SL.TLF.CACT.ZS,Kenya,KEN,72.512,72.633,72.754,72.874,72.994,73.114,73.234,73.353,73.472,73.59,73.708,73.826,73.944,74.061,74.177,74.294,74.41,74.24,74.065,73.882,73.18,73.699,73.664,73.722
"Labor force participation rate, total (% of total population ages 15+) (modeled ILO estimate)",SL.TLF.CACT.ZS,Kiribati,KIR,..,..,..,..,..,..,..,..,..,..,..,..,..,..,..,..,..,..,..,..,..,..,..,..
"Labor force participation rate, total (% of total population ages 15+) (modeled ILO estimate)",SL.TLF.CACT.ZS,"Korea, Dem. People's Rep.",PRK,74.518,74.379,74.364,74.32,74.262,74.122,74.207,74.295,74.174,74.242,74.289,74.274,74.236,74.209,74.184,74.265,74.105,74.301,74.532,74.537,73.094,73.409,74.598,74.593
"Labor force participation rate, total (% of total population ages 15+) (modeled ILO estimate)",SL.TLF.CACT.ZS,"Korea, Rep.",KOR,61.57,61.88,62.45,61.89,62.69,62.55,62.52,62.44,61.97,61.28,61.36,61.53,61.71,61.9,62.91,63.17,63.2,63.48,63.36,63.57,62.81,63.08,64.21,64.508
"Labor force participation rate, total (% of total population ages 15+) (modeled ILO estimate)",SL.TLF.CACT.ZS,Kosovo,XKX,..,..,..,..,..,..,..,..,..,..,..,..,..,..,..,..,..,..,..,..,..,..,..,..
"Labor force participation rate, total (% of total population ages 15+) (modeled ILO estimate)",SL.TLF.CACT.ZS,Kuwait,KWT,65.93,66.093,66.509,67.147,67.939,68.313,68.096,67.898,67.946,68.223,68.701,69.544,70.524,71.299,71.86,72.838,73.231,73.224,73.285,73.04,69.496,70.621,71.546,71.542
"Labor force participation rate, total (% of total population ages 15+) (modeled ILO estimate)",SL.TLF.CACT.ZS,Kyrgyz Republic,KGZ,73.155,72.81,72.886,72.424,71.985,72.086,71.932,71.377,70.848,70.728,70.85,70.1,67.57,65.75,64.81,65.2,64.86,63.22,64.13,64.25,64.74,64.96,65.692,65.778
"Labor force participation rate, total (% of total population ages 15+) (modeled ILO estimate)",SL.TLF.CACT.ZS,Lao PDR,LAO,63.705,63.509,63.304,63.094,62.874,62.628,62.325,62.074,61.819,61.581,61.307,61.055,60.809,60.568,60.348,60.146,59.958,59.78,59.626,59.5,58.935,58.728,59.485,59.619
"Labor force participation rate, total (% of total population ages 15+) (modeled ILO estimate)",SL.TLF.CACT.ZS,Latvia,LVA,56.18,56.59,57.98,57.1,57.4,57.36,59.1,60.26,61.55,60.13,58.88,58.52,59.73,59.43,59.27,60.07,60.42,60.83,61.44,61.23,61.67,60.18,61.1,61.429
"Labor force participation rate, total (% of total population ages 15+) (modeled ILO estimate)",SL.TLF.CACT.ZS,Lebanon,LBN,43.961,43.938,43.998,44.092,44.02,43.813,43.606,43.4,43.853,44.307,44.763,45.219,45.676,46.133,46.592,47.05,47.51,47.97,48.43,48.89,44.226,45.45,45.517,45.49
"Labor force participation rate, total (% of total population ages 15+) (modeled ILO estimate)",SL.TLF.CACT.ZS,Lesotho,LSO,72.408,71.89,71.366,70.836,70.301,69.759,69.213,68.661,68.103,67.541,66.973,66.4,65.822,65.24,65.134,65.01,64.954,64.878,64.795,64.716,64.101,64.042,65.023,65.119
"Labor force participation rate, total (% of total population ages 15+) (modeled ILO estimate)",SL.TLF.CACT.ZS,Liberia,LBR,77.177,77.212,77.225,77.219,77.212,77.223,77.247,77.268,77.286,77.289,77.267,77.25,77.216,77.164,77.097,77.017,76.94,76.853,76.758,76.658,75.93,76.319,76.66,76.864
"Labor force participation rate, total (% of total population ages 15+) (modeled ILO estimate)",SL.TLF.CACT.ZS,Libya,LBY,47.361,47.455,47.552,47.647,47.729,47.793,47.829,47.847,47.851,47.847,47.841,47.801,47.76,47.719,47.676,47.632,47.62,47.615,47.617,47.624,46.001,46.381,47.635,48.152
"Labor force participation rate, total (% of total population ages 15+) (modeled ILO estimate)",SL.TLF.CACT.ZS,Liechtenstein,LIE,..,..,..,..,..,..,..,..,..,..,..,..,..,..,..,..,..,..,..,..,..,..,..,..
"Labor force participation rate, total (% of total population ages 15+) (modeled ILO estimate)",SL.TLF.CACT.ZS,Lithuania,LTU,60.015,58.562,57.813,59.751,56.749,55.863,54.808,55.087,55.415,56.098,56.283,57.223,57.605,57.855,58.795,59.037,60.251,60.619,61.512,61.897,62.296,61.797,62.118,62.158
"Labor force participation rate, total (% of total population ages 15+) (modeled ILO estimate)",SL.TLF.CACT.ZS,Luxembourg,LUX,53.41,53.81,54.76,54.17,55,55.56,55.71,55.86,56.01,58.16,57.7,57.59,58.75,59.39,60.08,59.98,58.91,59.31,59.88,60.65,60.8,61.92,61.6,62.427
"Labor force participation rate, total (% of total population ages 15+) (modeled ILO estimate)",SL.TLF.CACT.ZS,"Macao SAR, China",MAC,65.179,64.604,63.845,61.404,62.422,63.645,65.606,68.375,69.549,69.767,69.805,70.679,70.518,70.591,71.09,70.611,69.699,69.379,69.539,69.211,67.447,68.195,67.745,67.929
"Labor force participation rate, total (% of total population ages 15+) (modeled ILO estimate)",SL.TLF.CACT.ZS,North Macedonia,MKD,52.9,52.77,52.64,54.51,54.055,53.6,53.36,54.5,55.02,55.16,53.79,55.24,55.01,55.64,55.74,55.37,55.14,55.2,54.81,55.28,54.45,54.12,53,52.589
"Labor force participation rate, total (% of total population ages 15+) (modeled ILO estimate)",SL.TLF.CACT.ZS,Madagascar,MDG,86.557,86.62,86.694,86.681,86.658,86.614,86.62,86.612,86.589,86.554,86.507,86.449,86.384,86.315,86.229,86.133,85.953,85.794,85.655,85.521,84.656,84.971,85.151,85.198
"Labor force participation rate, total (% of total population ages 15+) (modeled ILO estimate)",SL.TLF.CACT.ZS,Malawi,MWI,80.716,80.78,80.807,80.809,80.806,80.81,79.691,78.524,77.309,76.046,74.737,73.38,72.466,71.534,70.582,69.612,68.625,67.62,68.024,68.416,68.27,68.318,68.907,68.966
"Labor force participation rate, total (% of total population ages 15+) (modeled ILO estimate)",SL.TLF.CACT.ZS,Malaysia,MYS,61.308,61.255,61.144,61.015,60.882,60.768,60.678,60.626,60.13,60.424,60.413,61.637,62.7,64.214,64.508,64.719,64.606,64.724,65.127,65.597,65.278,65.711,65.271,65.024
"Labor force participation rate, total (% of total population ages 15+) (modeled ILO estimate)",SL.TLF.CACT.ZS,Maldives,MDV,54.8,54.501,54.202,53.902,53.603,53.302,53.002,52.702,52.401,52.1,53.029,53.957,54.881,55.803,56.72,57.633,58.54,60.263,61.961,63.63,59.705,61.711,63.579,63.765
"Labor force participation rate, total (% of total population ages 15+) (modeled ILO estimate)",SL.TLF.CACT.ZS,Mali,MLI,70.171,70.197,70.22,70.24,70.256,70.268,70.336,70.387,70.425,70.452,70.466,70.539,70.587,70.612,70.62,70.56,69.865,69.16,68.277,67.378,65.92,66.015,66.693,67.006
"Labor force participation rate, total (% of total population ages 15+) (modeled ILO estimate)",SL.TLF.CACT.ZS,Malta,MLT,49.211,49.681,49.506,49.235,47.818,48.192,48.282,48.951,48.961,49.037,49.723,50.577,51.964,53.667,54.884,55.409,56.566,57.748,59.686,60.765,61.64,62.734,63.904,65.259
"Labor force participation rate, total (% of total population ages 15+) (modeled ILO estimate)",SL.TLF.CACT.ZS,Marshall Islands,MHL,..,..,..,..,..,..,..,..,..,..,..,..,..,..,..,..,..,..,..,..,..,..,..,..
"Labor force participation rate, total (% of total population ages 15+) (modeled ILO estimate)",SL.TLF.CACT.ZS,Mauritania,MRT,46,45.795,45.59,45.385,45.181,44.976,44.772,44.568,44.364,44.16,43.956,43.753,43.55,43.057,42.566,42.075,41.587,41.1,41.038,40.97,40.581,40.376,41.026,41.186
"Labor force participation rate, total (% of total population ages 15+) (modeled ILO estimate)",SL.TLF.CACT.ZS,Mauritius,MUS,58.334,57.01,57.696,59.973,58.275,58.688,58.436,57.604,57.685,57.795,58.555,57.735,58.007,59.037,59.301,59.665,58.947,59.165,58.551,59.015,55.109,52.267,55.18,55.521
"Labor force participation rate, total (% of total population ages 15+) (modeled ILO estimate)",SL.TLF.CACT.ZS,Mexico,MEX,59.647,59.022,58.543,58.908,59.48,60.233,60.99,61.034,60.745,60.652,60.474,60.565,61.247,61.052,60.497,60.619,60.492,60.268,60.484,61.167,56.485,59.938,61.002,61.518
"Labor force participation rate, total (% of total population ages 15+) (modeled ILO estimate)",SL.TLF.CACT.ZS,"Micronesia, Fed. Sts.",FSM,..,..,..,..,..,..,..,..,..,..,..,..,..,..,..,..,..,..,..,..,..,..,..,..
"Labor force participation rate, total (% of total population ages 15+) (modeled ILO estimate)",SL.TLF.CACT.ZS,Moldova,MDA,59.91,57.95,57.22,57.25,55.11,54.81,58.09,58.85,59.59,60.69,63.37,64.39,64.79,65.25,69.27,70.21,69.91,68.33,67.05,69.33,69.68,72.51,72.53,72.735
"Labor force participation rate, total (% of total population ages 15+) (modeled ILO estimate)",SL.TLF.CACT.ZS,Monaco,MCO,..,..,..,..,..,..,..,..,..,..,..,..,..,..,..,..,..,..,..,..,..,..,..,..
"Labor force participation rate, total (% of total population ages 15+) (modeled ILO estimate)",SL.TLF.CACT.ZS,Mongolia,MNG,60.565,60.484,60.336,60.108,60.081,60.054,60.027,60,58.4,58.47,59.36,60.59,60.041,59.49,60.09,59.82,58.73,59.56,59.47,62.95,60.88,58.67,60.542,60.069
"Labor force participation rate, total (% of total population ages 15+) (modeled ILO estimate)",SL.TLF.CACT.ZS,Montenegro,MNE,49.473,49.453,49.412,49.356,49.247,49.15,48.97,48.845,48.731,48.834,48.79,48.74,50.04,50.11,52.72,53.73,54.52,54.67,56.01,57.42,53.35,54.524,56.276,56.458
"Labor force participation rate, total (% of total population ages 15+) (modeled ILO estimate)",SL.TLF.CACT.ZS,Morocco,MAR,51.459,51.27,50.69,50.673,50.657,50.64,50.623,50.607,50.59,50.1,49.61,49.16,48.41,48.31,48.06,47.47,46.55,45.5,45.775,46.079,44.681,45.3,44.3,44.038
"Labor force participation rate, total (% of total population ages 15+) (modeled ILO estimate)",SL.TLF.CACT.ZS,Mozambique,MOZ,83.194,82.94,82.682,82.421,82.158,81.891,81.621,81.348,81.071,80.792,80.51,80.224,79.935,79.643,79.348,79.05,79.005,78.949,78.886,78.819,78.07,78.087,78.906,79.027
"Labor force participation rate, total (% of total population ages 15+) (modeled ILO estimate)",SL.TLF.CACT.ZS,Myanmar,MMR,72.015,71.422,70.797,70.085,69.4,68.727,68.092,67.521,67.046,66.569,66.149,65.923,65.625,65.288,64.976,64.71,63.375,62.02,62.36,60.5,60.15,55.19,55.173,55.46
"Labor force participation rate, total (% of total population ages 15+) (modeled ILO estimate)",SL.TLF.CACT.ZS,Namibia,NAM,54.13,54.415,54.7,54.985,55.269,55.553,55.837,56.12,56.403,56.685,56.967,57.249,57.53,61.7,60.83,60.64,60.45,59.667,58.88,58.878,57.654,58.167,59.169,59.53
"Labor force participation rate, total (% of total population ages 15+) (modeled ILO estimate)",SL.TLF.CACT.ZS,Nauru,NRU,..,..,..,..,..,..,..,..,..,..,..,..,..,..,..,..,..,..,..,..,..,..,..,..
"Labor force participation rate, total (% of total population ages 15+) (modeled ILO estimate)",SL.TLF.CACT.ZS,Nepal,NPL,41.005,40.939,40.868,40.786,40.683,40.559,40.503,40.412,40.291,40.161,40.036,39.904,39.821,39.769,39.715,39.64,39.783,39.92,40.057,40.203,39.821,39.995,40.235,40.481
"Labor force participation rate, total (% of total population ages 15+) (modeled ILO estimate)",SL.TLF.CACT.ZS,Netherlands,NLD,63.53,64.18,64.88,64.75,64.9,63.43,63.58,64.54,65.31,65.44,64.84,64.54,65,64.95,64.39,64.38,64.09,64.01,64.27,64.78,64.55,64.935,65.42,66.057
"Labor force participation rate, total (% of total population ages 15+) (modeled ILO estimate)",SL.TLF.CACT.ZS,New Caledonia,NCL,65.781,65.691,65.545,65.371,65.145,65.052,64.995,64.801,64.586,64.403,64.315,64.239,64.148,64.058,63.925,62.713,61.46,60.203,58.918,57.588,57.532,56.802,56.968,57.03
"Labor force participation rate, total (% of total population ages 15+) (modeled ILO estimate)",SL.TLF.CACT.ZS,New Zealand,NZL,65.24,65.79,66.51,66.3,66.91,67.67,68.19,68.43,68.4,68.17,67.97,68.33,68.03,67.78,68.69,68.78,69.96,70.92,70.9,70.54,70.24,70.79,71.314,72.09
"Labor force participation rate, total (% of total population ages 15+) (modeled ILO estimate)",SL.TLF.CACT.ZS,Nicaragua,NIC,60.183,60.532,60.881,61.229,61.575,61.92,62.264,62.607,62.949,63.289,63.628,63.966,64.302,64.637,64.97,65.113,65.246,65.383,65.186,64.977,64.332,64.425,65.31,65.567
"Labor force participation rate, total (% of total population ages 15+) (modeled ILO estimate)",SL.TLF.CACT.ZS,Niger,NER,78.984,79.061,79.118,79.165,79.206,79.244,79.328,79.389,79.434,79.463,79.481,79.52,77.654,75.67,73.57,73.552,73.55,73.533,73.505,73.468,72.77,72.613,73.342,73.441
"Labor force participation rate, total (% of total population ages 15+) (modeled ILO estimate)",SL.TLF.CACT.ZS,Nigeria,NGA,60.219,60.232,60.239,60.242,60.243,60.243,60.29,60.323,60.347,60.365,60.377,60.41,60.11,59.81,59.654,59.497,59.341,59.184,59.027,58.87,58.311,58.591,58.961,59.111
"Labor force participation rate, total (% of total population ages 15+) (modeled ILO estimate)",SL.TLF.CACT.ZS,Northern Mariana Islands,MNP,..,..,..,..,..,..,..,..,..,..,..,..,..,..,..,..,..,..,..,..,..,..,..,..
"Labor force participation rate, total (% of total population ages 15+) (modeled ILO estimate)",SL.TLF.CACT.ZS,Norway,NOR,66.989,67.048,67.271,66.04,65.908,65.638,65.704,66.428,67.465,66.424,65.631,65.179,65.317,65.049,64.776,64.903,64.427,63.635,63.912,63.987,63.59,66.047,65.587,65.243
"Labor force participation rate, total (% of total population ages 15+) (modeled ILO estimate)",SL.TLF.CACT.ZS,Oman,OMN,55.531,55.273,55.386,55.675,55.863,56.044,56.392,56.936,57.671,58.573,60.377,62.851,65.361,67.414,68.564,69.356,70.195,70.518,70.346,69.857,66.304,66.42,67.707,68.307
"Labor force participation rate, total (% of total population ages 15+) (modeled ILO estimate)",SL.TLF.CACT.ZS,Pakistan,PAK,50.41,50.43,50.45,50.59,50.73,50.38,50.03,50.05,50.08,50.54,51,50.77,51.11,51.45,51,52.03,51.683,51.337,50.99,51.6,51.725,52.73,52.718,52.74
"Labor force participation rate, total (% of total population ages 15+) (modeled ILO estimate)",SL.TLF.CACT.ZS,Palau,PLW,..,..,..,..,..,..,..,..,..,..,..,..,..,..,..,..,..,..,..,..,..,..,..,..
"Labor force participation rate, total (% of total population ages 15+) (modeled ILO estimate)",SL.TLF.CACT.ZS,Panama,PAN,61.719,62.196,62.67,62.77,63.12,63.27,62.31,62.17,63.68,64.15,63.07,61.49,63.13,63.87,63.77,63.7,63.95,63.53,64.91,66.05,61.27,62.356,62.94,63.24
"Labor force participation rate, total (% of total population ages 15+) (modeled ILO estimate)",SL.TLF.CACT.ZS,Papua New Guinea,PNG,72.47,70.359,68.158,65.872,63.51,61.081,58.596,56.067,53.505,50.925,48.34,48.382,48.288,48.222,47.823,47.664,47.544,47.492,47.572,47.439,46.989,46.75,47.493,47.286
"Labor force participation rate, total (% of total population ages 15+) (modeled ILO estimate)",SL.TLF.CACT.ZS,Paraguay,PRY,69.209,68.937,68.75,67.6,71.37,70.28,67.05,68.82,69.3,69.62,67.74,67.92,71.28,69.87,67.96,67.93,69.97,70.2,71.87,72.39,70.12,71.92,70.58,70.892
"Labor force participation rate, total (% of total population ages 15+) (modeled ILO estimate)",SL.TLF.CACT.ZS,Peru,PER,65.78,68.79,69.905,70.998,72.066,73.11,76.14,78.23,78.22,78.58,79.24,78.65,78.46,77.86,77.06,75.9,75.38,77,77.18,77.36,68.92,71.93,72.51,72.579
"Labor force participation rate, total (% of total population ages 15+) (modeled ILO estimate)",SL.TLF.CACT.ZS,Philippines,PHL,61.359,61.323,61.259,61.14,61.52,61.59,61.42,61.26,61.07,61.44,61.43,62.23,61.73,61.45,62.17,61.41,61.59,59.14,58.98,59.44,54.75,56.47,59.466,60.243
"Labor force participation rate, total (% of total population ages 15+) (modeled ILO estimate)",SL.TLF.CACT.ZS,Poland,POL,56.612,56.772,55.61,54.991,54.586,55.174,54.234,54.001,54.533,55.229,55.986,56.192,56.513,56.57,56.918,56.76,56.919,57.161,57.106,56.989,56.871,57.971,58.576,58.927
"Labor force participation rate, total (% of total population ages 15+) (modeled ILO estimate)",SL.TLF.CACT.ZS,Portugal,PRT,60.8,61.43,62.01,61.99,61.52,61.86,62.06,62.21,62.03,61.36,61.23,60.49,60.14,59.28,58.81,58.58,58.45,58.94,59.11,59.25,58,57.81,58.6,59.187
"Labor force participation rate, total (% of total population ages 15+) (modeled ILO estimate)",SL.TLF.CACT.ZS,Puerto Rico,PRI,45.94,46.07,46.2,46.71,46.67,47.7,47.23,46.13,44.8,43.2,41.9,40.5,40.38,40.26,40.14,40.02,40.1,40,40.5,40.9,40.6,40.57,41.595,41.532
"Labor force participation rate, total (% of total population ages 15+) (modeled ILO estimate)",SL.TLF.CACT.ZS,Qatar,QAT,81.037,81.289,81.441,81.805,81.543,82.189,83.613,85.173,86.133,86.596,86.632,86.491,86.287,86.301,86.812,87.389,87.527,87.49,87.491,87.411,87.615,87.641,88.633,88.87
"Labor force participation rate, total (% of total population ages 15+) (modeled ILO estimate)",SL.TLF.CACT.ZS,Romania,ROU,64.41,63.18,57.77,55.93,55.6,53.94,54.97,54.77,54.51,54.44,54.87,54.11,54.61,54.53,54.87,54.54,53.72,54.94,54.98,55.14,55.06,51.07,51.8,51.643
"Labor force participation rate, total (% of total population ages 15+) (modeled ILO estimate)",SL.TLF.CACT.ZS,Russian Federation,RUS,61.209,59.899,60.265,59.945,60.512,60.824,61.135,61.96,62.479,62.601,62.603,62.87,62.882,62.782,62.779,62.698,62.914,62.568,62.585,61.898,61.606,62.16,62.172,61.077
"Labor force participation rate, total (% of total population ages 15+) (modeled ILO estimate)",SL.TLF.CACT.ZS,Rwanda,RWA,62,61.905,61.775,61.598,61.416,61.27,61.174,61.109,61.069,61.029,60.972,60.929,60.859,60.773,60.692,60.626,60.529,60.46,60.38,58.45,62.66,58.13,60.162,60.521
"Labor force participation rate, total (% of total population ages 15+) (modeled ILO estimate)",SL.TLF.CACT.ZS,Samoa,WSM,55.217,54.954,54.8,54.644,54.487,54.35,54.299,54.087,54.075,54.291,54.302,54.175,54.371,54.422,54.45,54.311,54.033,54.01,54.104,53.989,53.476,53.549,54.355,54.476
"Labor force participation rate, total (% of total population ages 15+) (modeled ILO estimate)",SL.TLF.CACT.ZS,San Marino,SMR,..,..,..,..,..,..,..,..,..,..,..,..,..,..,..,..,..,..,..,..,..,..,..,..
"Labor force participation rate, total (% of total population ages 15+) (modeled ILO estimate)",SL.TLF.CACT.ZS,Sao Tome and Principe,STP,54.722,54.632,54.564,54.536,54.545,54.583,54.517,54.462,54.417,54.386,54.361,54.362,54.378,54.392,54.381,54.337,54.259,54.156,54.03,53.891,53.379,53.725,53.891,53.953
"Labor force participation rate, total (% of total population ages 15+) (modeled ILO estimate)",SL.TLF.CACT.ZS,Saudi Arabia,SAU,51.259,51.528,52.058,52.775,53.197,53.101,52.787,52.587,52.423,52.217,53.21,54.257,55.339,55.921,56,56.624,57.371,55.577,56.288,58.398,60.08,61.559,61.632,61.601
"Labor force participation rate, total (% of total population ages 15+) (modeled ILO estimate)",SL.TLF.CACT.ZS,Senegal,SEN,50.408,50.336,50.257,50.176,50.1,50.032,50,49.498,48.995,48.493,47.991,47.49,46.989,46.488,45.989,45.49,50.12,46,49.29,50.71,50.228,50.808,50.536,50.281
"Labor force participation rate, total (% of total population ages 15+) (modeled ILO estimate)",SL.TLF.CACT.ZS,Serbia,SRB,55.578,55.18,54.81,54.491,54.029,53.681,53.419,53.506,52.802,50.977,49.695,49.81,50.258,51.325,51.869,51.574,53.371,54.05,54.605,54.823,54.331,57.97,59.147,58.946
"Labor force participation rate, total (% of total population ages 15+) (modeled ILO estimate)",SL.TLF.CACT.ZS,Seychelles,SYC,..,..,..,..,..,..,..,..,..,..,..,..,..,..,..,..,..,..,..,..,..,..,..,..
"Labor force participation rate, total (% of total population ages 15+) (modeled ILO estimate)",SL.TLF.CACT.ZS,Sierra Leone,SLE,64.686,64.683,64.665,64.64,66.11,65.234,64.348,63.453,62.547,61.633,60.711,59.781,58.843,57.9,56.95,56.194,55.435,54.674,53.91,53.8,53.289,53.249,53.871,53.906
"Labor force participation rate, total (% of total population ages 15+) (modeled ILO estimate)",SL.TLF.CACT.ZS,Singapore,SGP,66.119,66.173,65.4,65.455,65.414,66.152,67.144,66.669,67.826,67.978,68.705,68.91,69.55,69.492,70.271,71.151,70.885,70.58,70.125,70.446,70.308,71.219,71.251,69.255
"Labor force participation rate, total (% of total population ages 15+) (modeled ILO estimate)",SL.TLF.CACT.ZS,Sint Maarten (Dutch part),SXM,..,..,..,..,..,..,..,..,..,..,..,..,..,..,..,..,..,..,..,..,..,..,..,..
"Labor force participation rate, total (% of total population ages 15+) (modeled ILO estimate)",SL.TLF.CACT.ZS,Slovak Republic,SVK,59.6,60.16,59.8,60.14,60.05,59.48,59.15,58.86,59.32,58.88,59.01,58.79,59.21,59.3,59.7,59.67,60.08,59.97,59.81,59.7,59.04,60.52,61.5,61.658
"Labor force participation rate, total (% of total population ages 15+) (modeled ILO estimate)",SL.TLF.CACT.ZS,Slovenia,SVN,57.41,58.15,57.46,56.56,58.98,59.28,59.32,59.73,59.51,59.46,59.19,57.95,57.57,57.27,57.71,57.34,56.61,58.43,58.82,58.08,57.79,58.48,58.9,58.521
"Labor force participation rate, total (% of total population ages 15+) (modeled ILO estimate)",SL.TLF.CACT.ZS,Solomon Islands,SLB,84.13,84.712,85.026,84.899,84.766,84.681,84.622,84.576,84.463,84.494,84.249,84.065,84.125,84.025,84.114,84.183,84.05,83.94,83.896,83.981,83.213,83.237,84.254,84.499
"Labor force participation rate, total (% of total population ages 15+) (modeled ILO estimate)",SL.TLF.CACT.ZS,Somalia,SOM,34.308,34.431,34.5,34.528,34.539,34.542,34.598,34.649,34.683,34.682,34.64,34.625,34.565,34.476,34.382,34.297,34.221,34.156,34.097,34.03,33.707,33.753,34.021,34.111
"Labor force participation rate, total (% of total population ages 15+) (modeled ILO estimate)",SL.TLF.CACT.ZS,South Africa,ZAF,61.162,60.935,60.694,60.451,60.224,60.028,59.884,59.773,59.69,58.06,54.17,56.17,55.96,56.22,56.09,57.69,57.97,58.78,58.13,58.33,54.7,55.76,56.94,58.079
"Labor force participation rate, total (% of total population ages 15+) (modeled ILO estimate)",SL.TLF.CACT.ZS,South Sudan,SSD,71.511,71.529,71.506,71.452,71.391,71.342,71.313,71.284,71.25,71.196,71.109,71.076,71.027,70.96,70.881,70.788,70.722,70.655,70.581,70.502,69.832,70.224,70.504,70.696
"Labor force participation rate, total (% of total population ages 15+) (modeled ILO estimate)",SL.TLF.CACT.ZS,Spain,ESP,52.708,51.927,53.507,54.679,55.616,56.774,57.658,58.273,59.061,59.181,59.294,59.349,59.389,59.01,58.577,58.459,58.219,57.823,57.552,57.516,56.325,57.417,57.513,57.592
"Labor force participation rate, total (% of total population ages 15+) (modeled ILO estimate)",SL.TLF.CACT.ZS,Sri Lanka,LKA,55.57,55.343,55.116,54.888,54.66,54.432,54.204,53.976,53.747,53.519,53.29,52.87,52.57,52.05,51.6,53.67,53.73,53.99,51.72,52.25,50.49,51.108,51.256,50.928
"Labor force participation rate, total (% of total population ages 15+) (modeled ILO estimate)",SL.TLF.CACT.ZS,St. Kitts and Nevis,KNA,..,..,..,..,..,..,..,..,..,..,..,..,..,..,..,..,..,..,..,..,..,..,..,..
"Labor force participation rate, total (% of total population ages 15+) (modeled ILO estimate)",SL.TLF.CACT.ZS,St. Lucia,LCA,64.038,64.15,64.447,64.743,65.038,65.332,65.625,65.916,66.207,66.496,66.783,67.07,69.03,69.25,69.492,69.732,69.972,70.21,70.55,69.46,66.43,68.46,69.89,68.009
"Labor force participation rate, total (% of total population ages 15+) (modeled ILO estimate)",SL.TLF.CACT.ZS,St. Martin (French part),MAF,..,..,..,..,..,..,..,..,..,..,..,..,..,..,..,..,..,..,..,..,..,..,..,..
"Labor force participation rate, total (% of total population ages 15+) (modeled ILO estimate)",SL.TLF.CACT.ZS,St. Vincent and the Grenadines,VCT,63.567,63.631,63.871,64.16,64.315,64.41,64.706,64.84,64.906,64.826,64.692,64.673,64.723,64.788,64.827,64.87,64.933,64.959,65.03,65.036,62.819,63.624,65.081,65.35
"Labor force participation rate, total (% of total population ages 15+) (modeled ILO estimate)",SL.TLF.CACT.ZS,Sudan,SDN,50.258,50.038,49.845,49.679,49.533,49.421,49.353,49.314,49.281,49.249,49.186,49.104,49.044,48.967,48.876,48.784,48.695,48.6,48.519,48.462,48.078,48.403,48.576,47.64
"Labor force participation rate, total (% of total population ages 15+) (modeled ILO estimate)",SL.TLF.CACT.ZS,Suriname,SUR,47.169,47.728,48.288,48.849,49.409,49.97,50.531,51.092,51.653,52.213,52.772,53.331,53.889,54.446,55.002,55.557,56.11,56.137,56.322,56.329,52.992,53.949,53.972,54.266
"Labor force participation rate, total (% of total population ages 15+) (modeled ILO estimate)",SL.TLF.CACT.ZS,Eswatini,SWZ,52.78,52.591,52.456,52.352,52.254,52.149,52.042,51.946,51.86,51.786,51.72,51.653,51.559,51.456,51.37,51.31,51.14,51.027,50.94,50.833,50.35,50.499,50.859,50.969
"Labor force participation rate, total (% of total population ages 15+) (modeled ILO estimate)",SL.TLF.CACT.ZS,Sweden,SWE,62,62.693,62.64,62.635,62.421,62.882,63.37,63.727,63.879,63.364,63.282,63.695,63.835,64.299,64.446,64.577,64.835,65.263,65.485,65.689,65.399,65.79,66.238,66.948
"Labor force participation rate, total (% of total population ages 15+) (modeled ILO estimate)",SL.TLF.CACT.ZS,Switzerland,CHE,67.36,67.8,67.72,67.85,67.27,66.98,67.35,67.62,68.19,68.23,67,67.46,67.52,67.54,67.91,68.15,68.57,68.44,68.48,68.23,67.87,67.38,66.64,66.355
"Labor force participation rate, total (% of total population ages 15+) (modeled ILO estimate)",SL.TLF.CACT.ZS,Syrian Arab Republic,SYR,50.89,49.956,49.023,48.09,47.329,46.569,45.81,44.25,43.594,42.94,42.7,43.4,39.2,37.78,37.926,38.052,38.147,38.221,38.278,38.328,36.679,36.98,38.328,38.657
"Labor force participation rate, total (% of total population ages 15+) (modeled ILO estimate)",SL.TLF.CACT.ZS,Tajikistan,TJK,44.556,44.556,44.556,44.556,44.807,44.312,43.804,43.236,42.678,42.51,42.491,42.473,42.454,42.436,42.417,42.399,42.38,41.988,41.564,41.162,40.771,40.588,41.173,41.29
"Labor force participation rate, total (% of total population ages 15+) (modeled ILO estimate)",SL.TLF.CACT.ZS,Tanzania,TZA,86.448,86.44,86.842,87.234,87.616,87.988,88.35,87.865,87.364,86.844,86.307,85.751,85.176,84.583,83.97,83.51,83.039,82.565,82.087,81.603,80.39,80.164,81.123,81.387
"Labor force participation rate, total (% of total population ages 15+) (modeled ILO estimate)",SL.TLF.CACT.ZS,Thailand,THA,72.66,73.17,73.075,72.98,73.39,73.68,72.95,73.58,73.4,72.75,71.59,73.28,73,70.27,69.83,69.24,68.25,67.5,67.8,66.96,67.02,66.94,67.538,67.051
"Labor force participation rate, total (% of total population ages 15+) (modeled ILO estimate)",SL.TLF.CACT.ZS,Timor-Leste,TLS,68.774,68.131,68.579,68.816,68.924,68.894,69.21,68.821,68.384,68.013,67.673,67.494,67.308,67.293,67.179,67.133,67.07,67.347,67.485,66.803,66.168,65.804,66.326,66.679
"Labor force participation rate, total (% of total population ages 15+) (modeled ILO estimate)",SL.TLF.CACT.ZS,Togo,TGO,58.66,58.627,58.587,58.545,58.511,58.487,58.498,58.506,58.51,58.507,58.491,58.477,58.446,58.398,58.333,58.253,58.168,58.07,57.959,57.835,57.286,57.595,57.869,57.934
"Labor force participation rate, total (% of total population ages 15+) (modeled ILO estimate)",SL.TLF.CACT.ZS,Tonga,TON,58.116,57.877,57.638,57.398,57.158,56.918,56.678,56.437,56.196,55.954,55.713,55.471,55.228,54.986,54.743,54.5,54.257,54.014,53.77,53.789,53.278,53.005,53.879,54.1
"Labor force participation rate, total (% of total population ages 15+) (modeled ILO estimate)",SL.TLF.CACT.ZS,Trinidad and Tobago,TTO,61.2,60.7,60.95,61.6,63,63.71,63.91,63.46,63.48,62.68,60.86,59.93,61.08,60.74,61.41,59.98,59.27,58.488,57.701,56.91,55.08,54.28,54.48,54.634
"Labor force participation rate, total (% of total population ages 15+) (modeled ILO estimate)",SL.TLF.CACT.ZS,Tunisia,TUN,47.454,47.062,46.671,46.28,45.89,45.5,45.64,45.86,46.17,46.51,46.89,47.19,47.78,47.42,47.245,47.07,47.17,46.98,46.893,46.887,44.788,44.925,46.946,47.371
"Labor force participation rate, total (% of total population ages 15+) (modeled ILO estimate)",SL.TLF.CACT.ZS,Turkiye,TUR,49.94,49.81,49.58,48.33,46.31,46.43,45.52,45.54,46.19,47.06,48.13,49.31,49.38,50.29,50.49,51.24,51.96,52.79,53.16,52.91,49.3,51.36,53.084,53.366
"Labor force participation rate, total (% of total population ages 15+) (modeled ILO estimate)",SL.TLF.CACT.ZS,Turkmenistan,TKM,53.528,53.296,53.35,53.19,52.918,52.166,51.582,51.034,50.359,50.131,49.78,49.246,48.897,48.611,48.348,48.211,48.089,47.966,47.857,47.753,46.482,46.154,47.802,48.064
"Labor force participation rate, total (% of total population ages 15+) (modeled ILO estimate)",SL.TLF.CACT.ZS,Turks and Caicos Islands,TCA,..,..,..,..,..,..,..,..,..,..,..,..,..,..,..,..,..,..,..,..,..,..,..,..
"Labor force participation rate, total (% of total population ages 15+) (modeled ILO estimate)",SL.TLF.CACT.ZS,Tuvalu,TUV,..,..,..,..,..,..,..,..,..,..,..,..,..,..,..,..,..,..,..,..,..,..,..,..
"Labor force participation rate, total (% of total population ages 15+) (modeled ILO estimate)",SL.TLF.CACT.ZS,Uganda,UGA,69.679,69.717,69.756,69.794,69.833,69.871,69.91,69.948,69.987,70.025,70.063,70.102,70.14,70.162,70.184,70.206,70.228,70.25,70.123,69.983,69.318,69.799,69.921,69.935
"Labor force participation rate, total (% of total population ages 15+) (modeled ILO estimate)",SL.TLF.CACT.ZS,Ukraine,UKR,57.207,56.975,56.743,56.51,56.277,56.044,55.81,56.24,56.247,56.253,56.26,56.267,56.273,56.28,56.287,56.293,56.3,56.307,56.313,56.32,55.09,54.64,..,..
"Labor force participation rate, total (% of total population ages 15+) (modeled ILO estimate)",SL.TLF.CACT.ZS,United Arab Emirates,ARE,74.35,74.611,75.098,75.767,76.58,77.043,76.857,76.496,76.479,76.952,77.708,78.483,79.132,79.675,80.144,80.572,81.035,81.524,81.987,82.474,82.175,81.316,82.329,82.642
"Labor force participation rate, total (% of total population ages 15+) (modeled ILO estimate)",SL.TLF.CACT.ZS,United Kingdom,GBR,61.91,61.55,61.79,61.87,61.88,62.27,62.69,62.52,62.76,62.56,62.35,62.33,62.48,62.61,62.67,62.74,62.93,62.91,63.08,63.21,62.8,62.171,62.193,62.343
"Labor force participation rate, total (% of total population ages 15+) (modeled ILO estimate)",SL.TLF.CACT.ZS,United States,USA,65.927,65.623,65.323,64.957,64.744,64.808,64.92,64.743,64.747,64.132,63.483,62.961,62.822,62.447,62.188,62.062,62.211,62.307,62.373,62.628,61.316,61.221,61.511,61.856
"Labor force participation rate, total (% of total population ages 15+) (modeled ILO estimate)",SL.TLF.CACT.ZS,Uruguay,URY,60.16,61.55,59.97,59.11,59.48,59.51,61.98,63.82,64.01,64.74,64.28,66.02,65.22,64.84,65.87,64.93,64.61,64.11,63.68,63.7,61.25,62.98,63.22,63.821
"Labor force participation rate, total (% of total population ages 15+) (modeled ILO estimate)",SL.TLF.CACT.ZS,Uzbekistan,UZB,60.992,60.842,60.698,60.526,60.116,59.727,59.285,58.74,58.283,57.955,57.791,57.642,57.462,57.284,57.133,56.956,56.849,56.811,56.697,56.55,55.62,55.799,56.157,56.142
"Labor force participation rate, total (% of total population ages 15+) (modeled ILO estimate)",SL.TLF.CACT.ZS,Vanuatu,VUT,69.278,69.534,69.89,69.815,69.753,69.631,69.374,69.352,69.215,69.19,69.248,69.23,69.309,69.414,69.401,69.506,69.418,69.258,69.241,69.207,68.549,68.823,69.358,69.503
"Labor force participation rate, total (% of total population ages 15+) (modeled ILO estimate)",SL.TLF.CACT.ZS,"Venezuela, RB",VEN,64.165,64.212,63.815,63.373,64.015,64.28,64.86,64.42,64.29,64.04,63.85,63.63,63.11,62.631,62.15,61.666,61.18,60.492,59.297,55.67,51.031,51.35,53.511,54.659
"Labor force participation rate, total (% of total population ages 15+) (modeled ILO estimate)",SL.TLF.CACT.ZS,Viet Nam,VNM,72.3,73,72.5,72,71.41,72.412,73.392,74.35,75.097,75.83,76.17,76.27,76.19,77.02,77.04,77.2,76.56,76.13,75.61,75.63,73.28,72.9,73.08,73.002
"Labor force participation rate, total (% of total population ages 15+) (modeled ILO estimate)",SL.TLF.CACT.ZS,Virgin Islands (U.S.),VIR,59.902,62.27,61.243,59.752,61.581,62.524,62.798,63.349,63.012,62.879,60.898,61.475,60.337,56.95,56.265,58.651,58.324,59.135,55.066,52.303,52.996,53.562,54.737,54.707
"Labor force participation rate, total (% of total population ages 15+) (modeled ILO estimate)",SL.TLF.CACT.ZS,West Bank and Gaza,PSE,40.25,36.63,35.91,38.76,38.22,38.64,38.63,39.92,39.38,39.53,40,41.36,41.68,41.8,42.12,43.97,43.77,44,43.45,44.27,40.94,43.37,44.99,..
"Labor force participation rate, total (% of total population ages 15+) (modeled ILO estimate)",SL.TLF.CACT.ZS,"Yemen, Rep.",YEM,45.166,44.38,43.632,42.927,42.273,41.68,41.139,40.64,40.181,39.758,39.371,38.546,37.812,37.156,36.564,31.724,31.968,32.19,32.368,32.523,32.305,31.944,32.682,32.791
"Labor force participation rate, total (% of total population ages 15+) (modeled ILO estimate)",SL.TLF.CACT.ZS,Zambia,ZMB,59.01,59.065,59.114,59.159,59.197,59.227,59.277,59.306,59.319,59.325,59.325,59.267,59.206,59.136,59.046,58.929,58.805,58.651,58.48,59.54,60.87,60.12,59.682,59.564
"Labor force participation rate, total (% of total population ages 15+) (modeled ILO estimate)",SL.TLF.CACT.ZS,Zimbabwe,ZWE,65.758,65.699,65.633,65.568,65.525,65.514,65.469,65.461,65.486,65.535,65.604,65.662,65.736,65.814,65.881,65.924,65.961,65.939,65.872,65.79,65.086,65.4,65.752,65.918
,,,,,,,,,,,,,,,,,,,,,,,,,,,
,,,,,,,,,,,,,,,,,,,,,,,,,,,
,,,,,,,,,,,,,,,,,,,,,,,,,,,
Data from database: World Development Indicators,,,,,,,,,,,,,,,,,,,,,,,,,,,
Last Updated: 09/19/2024,,,,,,,,,,,,,,,,,,,,,,,,,,,
